title,movie_id,added_by
1670,1,4
2012,2,7
365 dni,3,1
american sniper,4,1
anihilacja,5,7
annabelle,6,10
arcane,7,5
arrival,8,9
asterix i obelix: misja kleopatra,9,8
autopsja jane doe,10,10
avatar,11,2
avengers endgame,12,7
avengers: czas ultrona,13,5
barbarzyńcy,14,4
battleship: bitwa o ziemię,15,2
beekeeper,16,5
blueberry,17,10
braveheart,18,2
brazil,19,1
breaking bad,20,4
brooklyn 99,21,1
bękarty wojny,22,4
charlie and the chocolate factory,23,10
cicha noc,24,9
circle,25,9
contratiempo,26,10
cyberpunk: edgerunners,27,7
czas apokalipsy,28,2
czerwona nota,29,4
dark,30,4
deadpool & wolverine,32,9
deadpool 3,33,9
diabeł ubiera się u prady,35,7
diuna,36,4
diuna 2,37,5
doktor house,38,10
dolittle,39,10
dom w głębi lasu,40,1
dziennik bridget jones,41,9
ex machina,42,9
f.r.i.e.n.d.s,43,1
faceci w czerni,44,2
forest gump,45,4
forrest gump,46,6
from,47,10
furiosa saga madmax,48,3
gambit królowej,49,7
geostorm,50,5
gladiator,51,3
gran torino,52,6
grand budapest hotel,53,2
grawitacja,54,3
gwiezdne wojny atak klonów,55,6
hakowanie świata,56,3
hancock,57,7
idiocracy,58,4
interstellar,59,10
ja robot,60,8
jaja w tropikach,61,4
jak sprzedawać dragi w sieci (szybko),62,8
"jako w piekle, tak i na ziemi",63,4
jarhead 2: w polu ognia,64,9
jestem bogiem,65,2
john wick,66,10
john wick 4,67,2
joker,68,9
kac wawa,69,9
kapitan ameryka: wojna bohaterów,70,6
kapitan ameryka: zimowy żołnierz,71,1
kapitan phillips,72,5
"klik: i robisz, co chcesz",73,8
koe no katachi,74,6
kompania braci,75,4
konklawe 2006,76,9
kraina lodu,77,7
kraina jutra,78,2
la cara oculta,79,6
la casa de papel,80,8
life,81,4
list do m.,82,2
list do m. 2,83,3
lost,84,5
lucyfer,85,8
mad max,86,10
mars express,87,5
marsjanin,88,5
maska,89,2
matrix,90,4
memento,91,4
miasteczko south park,92,3
miasto 44,93,6
moonfall,94,6
narcos,95,2
narodziny gwiazdy,96,9
nasze magiczne encanto,97,1
nawiedzony dom na wzgórzu,98,3
nie cudzołóż i nie kradnij,99,10
niebieskoki samuraj,100,8
now you see me,101,8
obcy: romulus,102,2
obecność,103,10
ona,104,9
oppenheimer,105,9
para idealna,106,5
paradoks cloverfield,107,7
peaky blinders,108,8
piksele,109,9
pitbul,110,8
pięć koszmarnych nocy,111,2
planeta małp,112,8
planeta singli,113,4
player one,114,7
polowanie na czerwony październik,115,4
prestiż,116,4
prison break,117,1
przełęcz ocalonych,118,9
rrrrrrr,119,3
rec 1,120,9
requiem dla snu,121,3
rick and morty,122,"1,3,4,5"
rings of power,123,7
rojst,125,6
samce alfa,126,9
saw,127,6
spider-man: far from home,128,7
split,129,10
stranger things,130,8
strażnicy galaktyki,131,7
substancja,132,3
szeregowiec ryan,133,8
taksówkarz,134,8
ted 2,135,7
terminal,136,7
terminator 2,137,3
the beast (2023),138,10
the big bang theory,139,7
the boys,140,1
the counjuring,141,8
the emoji movie,142,1
the exorcism of emili rose,143,9
the expanse,144,7
the martain,145,6
the nun,146,7
the social network,147,8
the walking dead,148,5
the witcher,149,2
the day after tomorrow,150,9
the lord of the rings: the return of the king,151,8
titanic,153,9
to,154,2
trailer park boys,155,5
transcendencja,156,4
transformers,157,6
uglies,158,6
vaiana,159,8
venom: let there be carnage,160,2
w głowie się nie mieści,161,9
w lesie dziś nie zaśnie nikt,162,1
w stronę słońca(2007),163,7
whiplash,164,10
wilk z wall street,165,6
wojownik,166,10
wonka,167,6
wreck-it ralph,168,10
wyjazd integracyjny,169,8
wędrująca ziemia,170,7
władca pierścieni: drużyna pierścienia,171,2
władca pierścieni: dwie wieże,172,9
władca pierścieni: powrót króla,173,5
chernobyl,174,1
mordercza opona,175,2
pixele,176,9
sinister,177,9
snowpiercer,178,8
spider man - beyond the spider verse,179,10
the end of the fun***in world,180,6
Rick & Morty,181,
Władca Pierścieni: Drużyna Pierśienia,182,
Chłopaki z baraków,183,
Deadpool1,184,
Władca pierśieni: Dwie wieże,185,
Władca pierśieni: Powrót Króla,186,
Deadpool,187,
Klik: I robisz co chcesz,188,
Jako w piekle tak i na Ziemi,189,
Rick i Morty,190,
